{
  "mean": [
    21.602382392927403,
    498373.9311473349,
    8.839803157894735,
    80.77274828179318,
    4775.847257959505,
    4774.334178916733,
    1.513083728596413,
    0.034,
    0.8095,
    0.205,
    0.0335,
    0.625,
    0.0,
    0.0,
    0.225515,
    1.2596381566820278,
    0.04365010752688172,
    60.75569801075269,
    510.86350488479263,
    0.1285,
    0.367,
    0.096,
    0.0,
    0.0,
    0.0,
    0.0,
    0.6955,
    0.1965,
    0.0,
    0.0,
    0.0525,
    0.9995,
    0.9995,
    3665.44254388835,
    122.2284053965559,
    902.0459195888916,
    345.8621723846558,
    253.09683081086382,
    406.29148204624465,
    69483279.55095737,
    9.695060231223218,
    83.07251981196369,
    363.6812265371415,
    326836.44967927015,
    0.4691447954563829,
    247.627274173118
  ],
  "scale": [
    40.89597070581761,
    1015826.6118641691,
    6.158596368375362,
    53.60670890348204,
    60807.84220347081,
    60807.92401983351,
    38.70029937730186,
    0.18122913673027305,
    2.382899441856496,
    0.6449612391454234,
    0.179938183829892,
    0.6981224820903564,
    1.0,
    1.0,
    0.6467308054940633,
    2.343747822426237,
    0.21068282578855893,
    147.69300559926504,
    958.7667435109036,
    0.33464570817507877,
    0.48198651433416684,
    0.2945912422323515,
    1.0,
    1.0,
    1.0,
    1.0,
    0.4601953389594467,
    0.3973509154387341,
    1.0,
    1.0,
    0.22303306929690944,
    0.022355088906108163,
    0.022355088906108163,
    6198.6150719412435,
    251.17436918795443,
    1643.3767601239986,
    547.3247108990543,
    476.8010005753139,
    546.0001450189421,
    67667696.4580324,
    2.9042806767479776,
    129.78127272094017,
    671.4214014146245,
    1246244.7019858581,
    0.5416789874536698,
    3247.3068478362234
  ],
  "feature_names": [
    "flow_duration",
    "Header_Length",
    "Protocol Type",
    "Duration",
    "Rate",
    "Srate",
    "Drate",
    "fin_flag_number",
    "syn_flag_number",
    "rst_flag_number",
    "psh_flag_number",
    "ack_flag_number",
    "ece_flag_number",
    "cwr_flag_number",
    "ack_count",
    "syn_count",
    "fin_count",
    "urg_count",
    "rst_count",
    "HTTP",
    "HTTPS",
    "DNS",
    "Telnet",
    "SMTP",
    "SSH",
    "IRC",
    "TCP",
    "UDP",
    "DHCP",
    "ARP",
    "ICMP",
    "IPv",
    "LLC",
    "Tot sum",
    "Min",
    "Max",
    "AVG",
    "Std",
    "Tot size",
    "IAT",
    "Number",
    "Magnitue",
    "Radius",
    "Covariance",
    "Variance",
    "Weight"
  ]
}